
    {
      "id": "1",
      "desc": "Host Configuration",
      "results": [
        {
          "id": "1.1.1",
          "desc": "Ensure a separate partition for containers has been created (Automated)",
          "result": "WARN"
        },
        {
          "id": "1.1.2",
          "desc": "Ensure only trusted users are allowed to control Docker daemon (Automated)",
          "result": "INFO",
          "details": "doubtfulusers:  dush",
          "items": [
            "dush"
          ]
        },
        {
          "id": "1.1.3",
          "desc": "Ensure auditing is configured for the Docker daemon (Automated)",
          "result": "WARN"
        },
        {
          "id": "1.1.4",
          "desc": "Ensure auditing is configured for Docker files and directories -/run/containerd (Automated)",
          "result": "WARN"
        },
        {
          "id": "1.1.5",
          "desc": "Ensure auditing is configured for Docker files and directories - /var/lib/docker (Automated)",
          "result": "INFO",
          "details": "Directory not found"
        },
        {
          "id": "1.1.6",
          "desc": "Ensure auditing is configured for Docker files and directories - /etc/docker (Automated)",
          "result": "INFO",
          "details": "Directory not found"
        },
        {
          "id": "1.1.7",
          "desc": "Ensure auditing is configured for Docker files and directories - docker.service (Automated)",
          "result": "INFO",
          "details": "File not found"
        },
        {
          "id": "1.1.8",
          "desc": "Ensure auditing is configured for Docker files and directories - containerd.sock (Automated)",
          "result": "INFO",
          "details": "File not found"
        },
        {
          "id": "1.1.9",
          "desc": "Ensure auditing is configured for Docker files and directories - docker.socket (Automated)",
          "result": "INFO",
          "details": "File not found"
        },
        {
          "id": "1.1.10",
          "desc": "Ensure auditing is configured for Docker files and directories - /etc/default/docker (Automated)",
          "result": "INFO",
          "details": "File not found"
        },
        {
          "id": "1.1.11",
          "desc": "Ensure auditing is configured for Dockerfiles and directories - /etc/docker/daemon.json (Automated)",
          "result": "INFO",
          "details": "File not found"
        },
        {
          "id": "1.1.12",
          "desc": "1.1.12 Ensure auditing is configured for Dockerfiles and directories - /etc/containerd/config.toml (Automated)",
          "result": "INFO",
          "details": "File not found"
        },
        {
          "id": "1.1.13",
          "desc": "Ensure auditing is configured for Docker files and directories - /etc/sysconfig/docker (Automated)",
          "result": "INFO",
          "details": "File not found"
        },
        {
          "id": "1.1.14",
          "desc": "Ensure auditing is configured for Docker files and directories - /usr/bin/containerd (Automated)",
          "result": "INFO",
          "details": "File not found"
        },
        {
          "id": "1.1.15",
          "desc": "Ensure auditing is configured for Docker files and directories - /usr/bin/containerd-shim (Automated)",
          "result": "INFO",
          "details": "File not found"
        },
        {
          "id": "1.1.16",
          "desc": "Ensure auditing is configured for Docker files and directories - /usr/bin/containerd-shim-runc-v1 (Automated)",
          "result": "INFO",
          "details": "File not found"
        },
        {
          "id": "1.1.17",
          "desc": "Ensure auditing is configured for Docker files and directories - /usr/bin/containerd-shim-runc-v2 (Automated)",
          "result": "INFO",
          "details": "File not found"
        },
        {
          "id": "1.1.18",
          "desc": "Ensure auditing is configured for Docker files and directories - /usr/bin/runc (Automated)",
          "result": "INFO",
          "details": "File not found"
        },
        {
          "id": "1.2.1",
          "desc": "Ensure the container host has been Hardened (Manual)",
          "result": "INFO"
        },
        {
          "id": "1.2.2",
          "desc": "Ensure that the version of Docker is up to date (Manual)",
          "result": "INFO",
          "details": "Using 20.10.10"
        }
      ]
    }
    {
      "id": "1",
      "desc": "Host Configuration",
      "results": [
        {
          "id": "1.1.1",
          "desc": "Ensure a separate partition for containers has been created (Automated)",
          "result": "WARN"
        },
        {
          "id": "1.1.2",
          "desc": "Ensure only trusted users are allowed to control Docker daemon (Automated)",
          "result": "INFO",
          "details": "doubtfulusers:  dush",
          "items": [
            "dush"
          ]
        },
        {
          "id": "1.1.3",
          "desc": "Ensure auditing is configured for the Docker daemon (Automated)",
          "result": "WARN"
        },
        {
          "id": "1.1.4",
          "desc": "Ensure auditing is configured for Docker files and directories -/run/containerd (Automated)",
          "result": "WARN"
        },
        {
          "id": "1.1.5",
          "desc": "Ensure auditing is configured for Docker files and directories - /var/lib/docker (Automated)",
          "result": "INFO",
          "details": "Directory not found"
        },
        {
          "id": "1.1.6",
          "desc": "Ensure auditing is configured for Docker files and directories - /etc/docker (Automated)",
          "result": "INFO",
          "details": "Directory not found"
        },
        {
          "id": "1.1.7",
          "desc": "Ensure auditing is configured for Docker files and directories - docker.service (Automated)",
          "result": "INFO",
          "details": "File not found"
        },
        {
          "id": "1.1.8",
          "desc": "Ensure auditing is configured for Docker files and directories - containerd.sock (Automated)",
          "result": "INFO",
          "details": "File not found"
        },
        {
          "id": "1.1.9",
          "desc": "Ensure auditing is configured for Docker files and directories - docker.socket (Automated)",
          "result": "INFO",
          "details": "File not found"
        },
        {
          "id": "1.1.10",
          "desc": "Ensure auditing is configured for Docker files and directories - /etc/default/docker (Automated)",
          "result": "INFO",
          "details": "File not found"
        },
        {
          "id": "1.1.11",
          "desc": "Ensure auditing is configured for Dockerfiles and directories - /etc/docker/daemon.json (Automated)",
          "result": "INFO",
          "details": "File not found"
        },
        {
          "id": "1.1.12",
          "desc": "1.1.12 Ensure auditing is configured for Dockerfiles and directories - /etc/containerd/config.toml (Automated)",
          "result": "INFO",
          "details": "File not found"
        },
        {
          "id": "1.1.13",
          "desc": "Ensure auditing is configured for Docker files and directories - /etc/sysconfig/docker (Automated)",
          "result": "INFO",
          "details": "File not found"
        },
        {
          "id": "1.1.14",
          "desc": "Ensure auditing is configured for Docker files and directories - /usr/bin/containerd (Automated)",
          "result": "INFO",
          "details": "File not found"
        },
        {
          "id": "1.1.15",
          "desc": "Ensure auditing is configured for Docker files and directories - /usr/bin/containerd-shim (Automated)",
          "result": "INFO",
          "details": "File not found"
        },
        {
          "id": "1.1.16",
          "desc": "Ensure auditing is configured for Docker files and directories - /usr/bin/containerd-shim-runc-v1 (Automated)",
          "result": "INFO",
          "details": "File not found"
        },
        {
          "id": "1.1.17",
          "desc": "Ensure auditing is configured for Docker files and directories - /usr/bin/containerd-shim-runc-v2 (Automated)",
          "result": "INFO",
          "details": "File not found"
        },
        {
          "id": "1.1.18",
          "desc": "Ensure auditing is configured for Docker files and directories - /usr/bin/runc (Automated)",
          "result": "INFO",
          "details": "File not found"
        },
        {
          "id": "1.2.1",
          "desc": "Ensure the container host has been Hardened (Manual)",
          "result": "INFO"
        },
        {
          "id": "1.2.2",
          "desc": "Ensure that the version of Docker is up to date (Manual)",
          "result": "INFO",
          "details": "Using 20.10.10"
        }
      ]
    }